desk_id,instrument_id,risk_factor_id,phase7_route,phase8_capital_branch,modelled_factor_component,nmrf_component,sa_fallback_component,reason,scope_status,notes
TD-RATES,SYN_USD_GOVT_5Y,RF_GIRR_USD_5Y_RATE,SIMULATED_IMA_TEST_GATE_PASS,SIMULATED_IMA_BRANCH,IMCC_UNCONSTRAINED_AND_INTEREST_RATE_CONSTRAINED,,,"Eligible desk; RFET mechanics PASS",IN_SCOPE,Selected modelled-factor mechanics only
TD-RATES,SYN_USD_IRS_5Y,RF_GIRR_USD_5Y_RATE,SIMULATED_IMA_TEST_GATE_PASS,SIMULATED_IMA_BRANCH,IMCC_UNCONSTRAINED_AND_INTEREST_RATE_CONSTRAINED,,,"Eligible desk; RFET mechanics PASS",IN_SCOPE,Selected modelled-factor mechanics only
TD-EQUITY,SYN_EQ_INDEX,RF_EQUITY_SPX_SPOT,SIMULATED_IMA_TEST_GATE_PASS,SIMULATED_IMA_BRANCH,IMCC_UNCONSTRAINED_AND_EQUITY_CONSTRAINED,,,"Eligible desk; RFET mechanics PASS",IN_SCOPE,Selected modelled-factor mechanics only
TD-EQUITY,SYN_EQ_CALL,RF_EQUITY_SPX_SPOT,SIMULATED_IMA_TEST_GATE_PASS,SIMULATED_IMA_BRANCH,IMCC_UNCONSTRAINED_AND_EQUITY_CONSTRAINED,,,"Eligible desk; RFET mechanics PASS",IN_SCOPE,Selected modelled-factor mechanics only
TD-EQUITY,SYN_EQ_CALL,RF_EQUITY_SPX_VOL_1Y,SIMULATED_IMA_TEST_GATE_PASS,SIMULATED_IMA_BRANCH,,SIMULATED_SELECTED_SES,,"Eligible desk; RFET mechanics FAIL",IN_SCOPE,Canonical eligible-desk NMRF
TD-FX,SYN_EURUSD_FWD,RF_FX_EURUSD_SPOT,SIMULATED_SA_FALLBACK_REQUIRED,SELECTED_SA_FALLBACK_COMPONENTS,,,FX_DELTA,"PLA RED desk route occurs before NMRF aggregation",IN_SCOPE,Excluded from eligible-desk SES
TD-FX,SYN_EURUSD_CALL,RF_FX_EURUSD_SPOT,SIMULATED_SA_FALLBACK_REQUIRED,SELECTED_SA_FALLBACK_COMPONENTS,,,FX_DELTA_AND_CURVATURE,"PLA RED desk route occurs before NMRF aggregation",IN_SCOPE,Excluded from eligible-desk SES
TD-FX,SYN_EURUSD_CALL,RF_FX_EURUSD_VOL_1Y,SIMULATED_SA_FALLBACK_REQUIRED,SELECTED_SA_FALLBACK_COMPONENTS,,,FX_VEGA,"PLA RED desk route occurs before modelled-factor aggregation",IN_SCOPE,Excluded from eligible-desk IMCC
TD-CREDIT,SYN_CORP_BOND,,OUT_OF_SELECTED_IMA_DIAGNOSTIC_SCOPE,SELECTED_SA_ONLY,,,NON_SECURITISATION_DRC,Desk out of selected IMA scope,SELECTED_SA_SCOPE,Selected non-securitisation DRC evidence only
